Cabin,Level,Position
A10,A,Front
A14,A,Front
A16,A,Front
A19,A,Front
A20,A,Front
A23,A,Front
A24,A,Front
A26,A,Front
A31,A,Front
A32,A,Front
A34,A,Front
A36,A,Back
A5,A,Front
A6,A,Front
A7,A,Front
B101,B,Centre
B102,B,Centre
B18,B,Front
B19,B,Front
B20,B,Front
B22,B,Front
B28,B,Front
B3,B,Front
B30,B,Front
B35,B,Front
B37,B,Front
B38,B,Front
B39,B,Front
B4,B,Front
B41,B,Front
B42,B,Front
B49,B,Front
B5,B,Front
B50,B,Centre
B51 B53 B55,B,Centre
B57 B59 B63 B66,B,Centre
B58 B60,B,Centre
B69,B,Centre
B71,B,Centre
B73,B,Centre
B77,B,Centre
B78,B,Centre
B79,B,Centre
B80,B,Centre
B82 B84,B,Centre
B86,B,Centre
B94,B,Centre
B96 B98,B,Centre
C101,C,Centre
C103,C,Centre
C104,C,Centre
C106,C,Centre
C110,C,Centre
C111,C,Centre
C118,C,Centre
C123,C,Centre
C124,C,Centre
C125,C,Centre
C126,C,Centre
C128,C,Centre
C148,C,Centre
C2,C,Front
C22 C26,C,Front
C23 C25 C27,C,Front
C30,C,Front
C32,C,Front
C45,C,Centre
C46,C,Centre
C47,C,Centre
C49,C,Centre
C50,C,Centre
C52,C,Centre
C54,C,Centre
C62 C64,C,Centre
C65,C,Centre
C68,C,Centre
C7,C,Front
C70,C,Centre
C78,C,Centre
C82,C,Centre
C83,C,Centre
C85,C,Centre
C86,C,Centre
C87,C,Centre
C90,C,Centre
C91,C,Centre
C92,C,Centre
C93,C,Centre
C95,C,Centre
C99,C,Centre
D,D,
D10 D12,D,Front
D11,D,Front
D15,D,Front
D17,D,Front
D19,D,Front
D20,D,Front
D21,D,Front
D26,D,Front
D28,D,Front
D30,D,Front
D33,D,Front
D35,D,Front
D36,D,Front
D37,D,Front
D45,D,Front
D46,D,Front
D47,D,Front
D48,D,Front
D49,D,Front
D50,D,Front
D56,D,Back
D6,D,Front
D7,D,Front
D9,D,Front
E10,E,Front
E101,E,Back
E12,E,Front
E121,E,Front
E17,E,Front
E24,E,Front
E25,E,Front
E31,E,Centre
E33,E,Centre
E34,E,Centre
E36,E,Centre
E38,E,Centre
E40,E,Centre
E44,E,Centre
E46,E,Centre
E49,E,Centre
E50,E,Centre
E58,E,Centre
E63,E,Centre
E67,E,Centre
E68,E,Centre
E77,E,Back
E8,E,Front
F E69,F,Front
F G63,F,Front
F G73,F,Front
F2,F,Back
F33,F,Back
F38,F,Back
F4,F,Back
G6,G,Back
T,,
,,
A11,A,Front
A18,A,Front
A21,A,Front
A29,A,Front
A9,A,Front
B10,B,Front
B11,B,Front
B24,B,Front
B26,B,Front
B36,B,Front
B45,B,Front
B52 B54 B56,B,Centre
B61,B,Centre
C105,C,Centre
C116,C,Centre
C130,C,Centre
C132,C,Centre
C28,C,Front
C31,C,Front
C39,C,Front
C51,C,Centre
C53,C,Centre
C55 C57,C,Centre
C6,C,Centre
C80,C,Centre
C89,C,Centre
C97,C,Centre
D22,D,Front
D34,D,Front
D38,D,Front
D40,D,Front
D43,D,Front
E39 E41,E,Centre
E45,E,Centre
E52,E,Centre
E60,E,Centre
F,F,
F E46,F,Front
F E57,F,Front
